Keyword,Count
생각,4270
직업,4037
진로,4018
학생,3595
상담,3475
때,2950
관심,2677
학교,2509
관련,2495
일,2454
시간,2225
감사,2082
사람,2042
공부,1996
이야기,1936
선생,1876
학년,1752
친구,1733
분야,1670
검사,1618
정보,1528
고등학교,1515
말,1395
대학,1384
학과,1296
고민,1269
과목,1176
중요,1120
자신,1078
안녕,1073
부분,1072
도움,1038
진학,1031
꿈,1025
흥미,992
준비,991
다양,976
선택,947
정도,929
수학,918
활동,913
필요,894
미래,778
적성,736
지금,734
대학교,727
중학교,683
과,680
사회,662
과학,646
부모,641
전공,628
성적,624
운동,616
본인,570
학원,541
앞,510
경험,510
점,505
사이트,499
영어,496
게임,490
성격,478
안녕하세요,471
마음,468
이모티콘,446
탐색,446
능력,438
이유,433
책,426
교사,421
방법,416
검색,381
얘기,377
계획,375
시험,373
체육,371
평소,371
진행,371
장점,370
오늘,369
이해,355
컴퓨터,350
가능,349
심리,347
미술,344
말씀,337
노력,336
생활,326
시작,324
돈,320
커리어,316
자격증,316
결정,307
경우,301
기억,301
그림,299
취업,297
요즘,294
교육,293
상담사,292
공학,292
의사,290
목표,288
일반,285
국어,283
유형,282
사진,280
계열,278
내신,275
추천,273
곳,264
구체,254
결과,248
기업,248
디자인,248
나중,241
음악,240
유튜브,240
수업,235
체험,231
내용,228
희망,228
후,225
로봇,224
이과,224
질문,223
선수,223
전문가,216
문제,215
예술,212
취미,210
문과,209
작가,209
동아리,208
영상,199
지능,197
전형,189
입시,184
과정,182
요리,180
경찰,180
집,178
공무원,178
등급,178
특성,177
기술,175
회사,175
걱정,172
디자이너,172
고등,172
지원,172
연구,166
졸업,165
개발,163
노래,161
축구,158
집중,158
전문,158
주변,157
안정,155
기분,147
동물,144
언어,144
워크넷,144
수능,144
산업,142
수시,142
단점,140
글,139
프로그램,137
생명,137
초등학교,136
전,135
방송,134
인터넷,133
관리,133
화학,132
소개,131
처음,130
다음,128
관계,127
기계,126
스포츠,124
재능,121
학습,120
경영,118
업무,118
엄마,117
인기,117
정시,117
성향,116
코딩,114
연구원,112
환경,112
변화,110
개발자,109
역사,109
간호사,107
탐구,107
크크,106
영화,104
변호사,103
이번,103
청소년,102
아이,102
연습,101
대화,101
장래,99
입학,99
지식,98
웹툰,98
요리사,97
상황,96
행복,96
건축,96
인문,96
장단점,95
현실,95
확인,94
유망,93
모습,93
실기,93
분석,92
계기,92
태권도,90
유튜버,90
유치원,90
가치관,89
군인,89
다행,88
인공,87
강점,87
방향,86
대회,84
대학원,82
수의사,81
실력,81
프로그래머,81
물리,81
나이,80
학기,79
캐릭터,79
이상,79
교과,78
춤,77
서울,76
기사,76
학업,76
혼자,76
표현,76
드라마,76
참여,75
아침,75
경제,75
체력,74
원,74
활용,73
약사,73
힘,72
전망,72
여행,72
기회,72
봉사,71
취득,71
방학,71
자연,71
치료,71
이름,71
자료,71
학생부,71
소설,71
몸,70
제빵,70
기획,70
도전,70
법,69
스트레스,69
마케팅,69
센터,68
종합,68
기록부,68
삶,68
최근,67
병원,66
조금,66
급,66
심리학,66
직종,65
홀랜드,64
배우,64
손,64
하루,64
가치,64
점수,64
인간,63
카톡,63
초등,62
아이돌,62
편집,62
합격,62
기관,62
근무,61
칭찬,61
패션,61
경영학과,61
음식,60
아빠,60
만화,60
대답,60
의료,60
전자,60
과학자,59
날씨,59
고려,59
동안,59
제작,59
전기,59
면접,59
남,58
식품,58
자동차,57
생물,57
반,57
미디어,57
성공,57
신청,57
항공,56
가수,56
종류,56
포기,56
광고,56
네,55
조리,55
교수,54
평균,54
빵,54
복지,54
느낌,54
기자,54
회계,54
승무원,54
운영,53
우주,53
프로,53
방,53
작품,52
제과,52
유명,52
국가,51
넷,51
피아노,51
기술자,51
길,51
예,51
의미,51
답변,51
연봉,51
정리,51
넵,51
연결,50
옷,50
가족,50
경기,50
프로게이머,50
나라,50
설명,50
특기,50
금융,50
형,49
실험,49
카페,49
직,49
예체능,49
시각,48
보건,48
시대,47
여학생,47
재미,47
복지사,47
부족,47
수고,47
프로그래밍,47
웹,46
아버지,46
위,46
발표,45
애니메이션,45
메이크업,45
콘텐츠,45
의학,45
어려움,45
직업군,44
연기,44
농구,44
주,44
사업,44
경찰관,44
점심,44
자신감,44
여자,44
문화,43
카카오톡,43
미용,43
자격,43
감정,43
건강,43
치료사,43
참고,43
간호학과,43
학점,43
단어,42
운동선수,42
훈련,42
공간,42
한국,42
저녁,42
기본,42
창의,42
선호,42
범죄,42
예정,42
독서,42
해결,42
서비스,42
창업,42
정치,41
유리,41
사항,41
악기,41
강의,40
선행,40
종목,40
배드민턴,40
바리스타,40
기초,40
행정,40
부탁,39
특별,39
자율,39
유아,39
팀,39
외국어,39
채용,39
강사,38
신체,38
역할,38
게이머,38
조립,38
저번,38
건축가,38
분위기,38
대인,38
임용,37
제빵사,37
기타,37
면,37
자유,37
창작,37
공학과,37
동생,36
공연,36
이용,36
소프트웨어,36
사용,36
채팅,36
그래픽,36
호텔,36
모의고사,36
세계,36
언니,36
기준,36
주도,36
지역,36
평가,35
부담,35
핸드폰,35
수행,35
응원,35
직장,35
상상,35
행동,35
강아지,35
문학,35
복수,35
적응,35
아티스트,34
회사원,34
개인,34
설계,34
아이디어,34
키,33
경쟁,33
불안,33
약학,33
감독,33
설정,33
수,32
에너지,32
직무,32
아나운서,32
작곡,32
마무리,32
사이버,32
소방관,32
비행기,32
발전,32
부사관,32
반대,32
연예인,31
얼마,31
차이,31
로스쿨,31
번역,31
외국,31
남학생,31
간호,31
빅데이터,31
제품,31
정확,31
지망,31
실내,31
인테리어,31
부,31
드론,30
세상,30
복습,30
해당,30
자기,30
크리에이터,30
조종사,30
대체,30
공감,30
경영학,30
회계사,30
작업,30
경력,30
기획자,30
영역,30
특징,30
끈기,30
기록,29
특수,29
의견,29
달리기,29
소통,29
순위,29
월급,29
조사,29
예전,29
어른,29
긍정,29
화가,29
야구,29
중,29
이수,29
파악,29
수입,29
주제,29
답,29
그때,29
댄스,28
성실,28
예술고등학교,28
약,28
기능사,28
습관,28
뒤,28
남자,28
반도체,28
인생,28
이후,28
시스템,28
의과대,28
데이터,28
오디션,27
머리,27
판사,27
어머니,27
해외,27
일러스트레이터,27
홍보,27
은행원,27
고교,27
법학,27
연극,26
촬영,26
초등학생,26
암기,26
현재,26
주말,26
도서관,26
무대,26
논리,26
한식,26
사,26
주니어,25
고생,25
동기,25
사서,25
숙제,25
열정,25
사육사,25
작성,25
개설,25
애,25
앱,25
장교,25
사교,25
공예,25
조언,25
비교,25
끝,24
건물,24
채널,24
군,24
성취,24
해석,24
예능,24
롤,24
치과,24
겨울,24
감각,24
고등학생,24
신경,24
심리학과,24
수사,24
영향,24
혁명,23
사물,23
공학자,23
뮤지컬,23
모델,23
대표,23
스토리,23
보람,23
대,23
요구,23
엔지니어,23
관습,23
피곤,23
시기,23
신문,23
외교관,23
공기업,23
고시,22
성우,22
레고,22
연주,22
오빠,22
건축학과,22
반려동물,22
놀이,22
관심사,22
사범대,22
커피,22
연관,22
국제,22
안,22
베이킹,22
융합,22
공군,22
매니저,22
사범,22
임상,22
지난번,22
전문대,22
디지털,21
작곡가,21
오픈,21
세무사,21
뜻,21
성취감,21
연출,21
일본어,21
래퍼,21
한국사,21
보안,21
잠,21
아동,21
중점,21
안내,21
학문,21
특성화고,21
과거,20
단계,20
환자,20
불편,20
아르바이트,20
재료,20
화,20
차,20
식물,20
미국,20
소재,20
창의력,20
고양이,20
홈페이지,20
고마워요,20
의대,20
공업,20
헤어,20
세부,20
스스로,20
입사,20
대입,20
방과,19
무용,19
논술,19
자전거,19
온라인,19
호기심,19
언론,19
교직,19
상품,19
일러스트,19
랩,19
존재,19
사관학교,19
실천,19
지방,19
현장,19
긴장,19
기대,19
타인,19
천문학,19
급여,19
공대,19
일반고,19
상태,19
반영,19
지도,18
누나,18
자체,18
조종,18
정신,18
확신,18
편안,18
반응,18
위주,18
눈,18
상,18
어린이집,18
감기,18
대신,18
독학,18
대통령,18
내년,18
담당,18
복싱,18
유,18
기간,18
통계,18
반복,17
선발,17
중국어,17
코치,17
공모전,17
이전,17
운전,17
미용사,17
교육과,17
화학과,17
중간,17
담임,17
매력,17
적극,17
경제학과,17
문예,17
실제,17
시나리오,17
양식,17
유학,17
독립,17
중등,17
뷰티,17
경호원,17
진출,17
제도,16
댄서,16
전략,16
손재주,16
글쓰기,16
상상력,16
장르,16
애니메이터,16
체육학과,16
체계,16
해양,16
플래너,16
방식,16
계산,16
사건,16
군대,16
외국어고등학교,16
배려,16
날,16
주목,16
의예과,16
행정학과,16
최저,16
문법,16
제약,16
원서,16
투자,16
지난주,16
고,16
재수,16
속,15
집중력,15
친구분,15
사고,15
석사,15
주행,15
만화가,15
목소리,15
얼굴,15
인정,15
바이오,15
감성,15
정신과,15
보통,15
소방,15
수준,15
유지,15
학,15
면허,15
접속,15
프리랜서,15
실습,15
가을,15
필수,15
취직,15
마케터,15
거리,15
모집,15
리더십,15
실용음악,15
만족,15
과외,15
교육학,14
수영,14
보수,14
가게,14
유도,14
만약,14
안전,14
무료,14
먹방,14
의상,14
장난,14
곡,14
배구,14
네일,14
피부,14
아트,14
우선,14
외과,14
입장,14
관광,14
행사,14
경기도,14
호텔리어,14
목적,14
트레이너,14
세무,14
조심,14
사무원,14
책임감,14
파일럿,14
식사,14
공과대,14
성장,14
작년,14
뉴스,14
수련관,14
조리사,14
마지막,14
응용,14
보호,14
지도사,14
법률,14
컨디션,14
물리치료,14
단체,14
실무,14
넹,14
교과목,14
설득,14
이론,14
기숙사,14
예고,14
우리나라,14
실용,14
힙합,14
건축사,14
대상,13
전달,13
사장,13
주의,13
통역사,13
과제,13
박사,13
호칭,13
대면,13
동영상,13
인터뷰,13
법조인,13
윤리,13
친절,13
실수,13
인사,13
맛,13
공항,13
노인,13
성별,13
공,13
분석가,13
여유,13
사이,13
개념,13
교육학과,13
판단,13
수술,13
애견,13
클릭,13
번역가,13
의류,13
항공기,13
편입,13
화학공학,13
영양학,13
성,13
지구,13
요강,13
중학,12
조건,12
필기,12
통역,12
관찰,12
상의,12
사진작가,12
약점,12
의사소통,12
정치인,12
요,12
일치,12
헬스,12
사업가,12
조작,12
일본,12
공사,12
반갑습니다,12
뇌,12
상위,12
보컬,12
기말,12
메타버스,12
토론,12
화장품,12
친화력,12
소설가,12
플로리스트,12
밥,12
동식물,12
사랑,12
피디,12
주식,12
조직,12
이외,12
생산,12
최고,12
응시,12
학력,12
애완동물,12
밖,12
의지,12
선배,12
학부,12
재활,12
후회,12
공군사관학교,12
수의학,11
잡지,11
박물관,11
의과,11
발견,11
실현,11
데뷔,11
학과목,11
문헌,11
물리학,11
관장,11
시장,11
추위,11
존경,11
종료,11
오,11
주짓수,11
사실,11
멘토링,11
지각,11
출판사,11
코드,11
영양사,11
무역,11
최선,11
작사,11
구조,11
이공,11
수리,11
심리학자,11
비행,11
동시,11
즐거움,11
옛날,11
장기,11
육상,11
진취,11
경제학,11
프로파일러,11
농업,11
소리,11
법학과,11
직원,11
버스,11
외식,11
외교,11
근처,11
약대,11
비중,11
자기소개서,11
판타지,10
시도,10
조향사,10
이모,10
사립,10
포털,10
번호,10
쿠키,10
피구,10
물리학자,10
스트리머,10
성찰,10
도덕,10
철학,10
외향,10
현직,10
수상,10
확률,10
떡볶이,10
고객,10
주위,10
추가,10
문화재,10
적용,10
일식,10
가사,10
장비,10
운항,10
밤,10
할머니,10
상대,10
인물,10
전문직,10
클래스,10
방송국,10
농부,10
큐레이터,10
마술,10
아카데미,10
카드,10
영재,10
생물학,10
정교사,10
용기,10
파일,10
예습,10
프린팅,10
와이파이,10
고용,10
컨설턴트,10
극복,10
갈등,10
산책,10
수집,10
신중,10
곤충,9
향,9
사육,9
도자기,9
피아니스트,9
추구,9
편집자,9
실시,9
물,9
리더,9
컷,9
급식,9
스타일,9
오염,9
케이크,9
한국어,9
기관사,9
학교생활,9
마술사,9
발달,9
코로나,9
전시회,9
노트,9
목공,9
회원,9
인상,9
출판,9
기기,9
뜨개질,9
화장,9
링크,9
님,9
일상,9
학자,9
공방,9
전학,9
평생,9
미술관,9
주방장,9
한의사,9
부서,9
경호,9
알바,9
문,9
업체,9
아기,9
천문학자,9
직업인,9
현상,9
설비,9
인,9
해물탕,9
지문,9
인성,9
밴드,9
미적분,9
은행,9
실패,9
문제집,9
의약품,9
지인,9
영양,9
비율,9
사회복지학과,9
올해,9
예방,9
사무,9
채팅방,8
치킨,8
라면,8
디저트,8
효율,8
학위,8
계통,8
비,8
애니,8
특정,8
멋,8
부여,8
자세,8
가이드,8
종이,8
감동,8
약국,8
공고,8
축구부,8
공부방,8
전체,8
음향,8
비서,8
제작자,8
해설,8
고사,8
효과,8
카메라,8
해커,8
체크,8
전화,8
줄넘기,8
통,8
기여,8
교정,8
목수,8
항공사,8
리스트,8
사촌,8
경청,8
질병,8
중심,8
중식,8
세계사,8
네이버,8
위험,8
회화,8
성인,8
판매,8
이제,8
메뉴,8
가요,8
등산,8
전교,8
영업,8
순수,8
굿,8
임상병리사,8
샘,8
폰,8
실재,8
학사,8
가상현실,8
가정,8
예상,8
보상,8
원리,8
공장,8
미대,8
회장,8
속도,8
포트폴리오,8
국어국문학과,8
브랜드,8
국제고등학교,8
시설,8
인내심,8
도제,8
컨설팅,8
증가,8
순간,8
안녕히 계세요,8
연출가,8
계속,8
접수,8
균형,8
행정직,8
펀드,8
사관,8
통신,8
트렌드,7
자존감,7
개그맨,7
유익,7
탁구,7
상처,7
상대방,7
파티시에,7
사전,7
청소,7
감상,7
외교학,7
책임,7
짜증,7
풍경,7
성악가,7
형사,7
장래희망,7
자랑,7
키키,7
방송사,7
교환,7
제조,7
물건,7
기쁨,7
북,7
비행사,7
영화감독,7
국민,7
출전,7
스마트폰,7
테스트,7
화이트,7
가상,7
확정,7
대본,7
접근,7
무인,7
현대,7
가구,7
연애,7
보육,7
국회,7
시력,7
간부,7
완벽,7
지지,7
추리,7
부상,7
변호,7
제한,7
각종,7
훈련사,7
자원,7
경찰대학,7
맘,7
정비,7
소질,7
도서,7
물고기,7
골프,7
수익,7
이미지,7
방문,7
조절,7
일기,7
병행,7
우주비행사,7
드럼,7
인재,7
인천,7
체육고등학교,7
임원,7
수원,7
전국,7
제출,7
단,7
대부분,7
자퇴,7
공공,7
해,7
축제,7
디자인학과,7
생계,7
다중,7
요소,7
교대,7
약품,7
내일,7
수도,7
유행,7
월요일,7
교과서,7
문장,7
가입,7
관객,6
장애,6
학급,6
음식점,6
생물학자,6
교실,6
탭,6
사무실,6
레슨,6
자리,6
예술가,6
그룹,6
공개,6
공학부,6
스타일리스트,6
휴대폰,6
페이커,6
화공,6
반려견,6
위기,6
대처,6
기질,6
관리사,6
낚시,6
테니스,6
스튜어디스,6
공예가,6
육군,6
역량,6
강연,6
관리자,6
쇼핑몰,6
약속,6
논문,6
완성,6
소속,6
친척,6
보석,6
방송인,6
야외,6
동물원,6
지구과학,6
처리,6
철도,6
사학,6
잡월드,6
천체,6
할아버지,6
카레,6
햄버거,6
주택,6
경찰대,6
꽃,6
싱어송라이터,6
방송학,6
푸드,6
직렬,6
기계공학,6
재학,6
영향력,6
해군,6
아들,6
포함,6
인식,6
일자리,6
지리,6
월드컵,6
장소,6
범위,6
여가,6
장,6
전문의,6
역사학자,6
체대,6
일주일,6
장식,6
연극영화과,6
양성,6
사격,6
해킹,6
출근,6
매체,6
시공,6
도형,6
요새,6
유전,6
표,6
배정,6
복무,6
의무,6
몰입,6
염두,6
가공,6
프로듀서,6
베이스,6
통합,6
교차,6
보험,6
건축물,6
모바일,6
등교,6
기하,6
격투기,6
수학과,6
스마트,6
예비,6
한문,6
이것저것,6
해소,6
연구소,6
개방,6
연예,6
오랜만,6
사원,6
별,6
통계학,6
위탁,6
교육청,6
연기자,6
외고,6
건설,6
전산,6
재생,6
부전공,6
진도,5
발레,5
지도자,5
우울,5
요식업,5
용돈,5
이사,5
액션,5
입맛,5
순경,5
틱톡,5
고기,5
변경,5
직접,5
산,5
도시,5
수학자,5
신,5
손톱,5
통과,5
바다,5
분장,5
제안,5
규칙,5
시,5
존중,5
소송,5
수요,5
하늘,5
지위,5
동네,5
땅,5
피드백,5
키워드,5
파티,5
우주선,5
만족감,5
응급,5
소설책,5
특채,5
객실,5
적합,5
자질,5
향수,5
동사,5
잔소리,5
과탐,5
눈치,5
디렉터,5
시인,5
다큐멘터리,5
사서교사,5
전반,5
자기소개,5
발휘,5
나무,5
외모,5
박람회,5
테마파크,5
문헌정보학,5
크크크,5
노래방,5
오후,5
발라드,5
처방,5
설문,5
도구,5
물리학과,5
사무직,5
크리에이티브,5
요가,5
여름,5
정비사,5
여성,5
계발,5
경향,5
파티쉐,5
영화과,5
업계,5
기술사,5
기능,5
친화,5
법조,5
교통,5
수단,5
보장,5
서,5
구상,5
어머님,5
일정,5
시절,5
운동부,5
하기,5
창조,5
샵,5
포토샵,5
금전,5
정형외과,5
키키키,5
정의,5
화학자,5
요원,5
반장,5
수질,5
클럽,5
유전자,5
의약,5
사학과,5
발굴,5
우수,5
공통,5
폭,5
구단,5
올림피아드,5
기계과,5
에이전트,5
계약,5
설계사,5
페이,5
보고서,5
대외,5
클래식,5
로봇공학,5
클라이밍,5
보존,5
원래,5
대중,5
어제,5
의욕,5
방해,5
진단,5
직군,5
이내,5
증권,5
선물,5
토익,5
사기업,5
항해사,5
국비,5
항목,5
사정,5
하키,5
비트,5
빅,5
문·이과,5
엔드,5
비전,5
공채,5
특목고,5
워라밸,5
특강,5
바텐더,5
어문,5
진심,5
인원,5
공식,5
커리큘럼,5
소아과,4
안무가,4
아이템,4
손흥민,4
순발력,4
판단력,4
보드게임,4
액세서리,4
안경,4
과자,4
종이접기,4
천문,4
마인크래프트,4
운,4
동화,4
닭,4
새,4
계정,4
조련사,4
성악,4
인지,4
골키퍼,4
노년,4
빌딩,4
영문학과,4
주인공,4
음료,4
표정,4
기억력,4
티브이,4
재판,4
사법,4
시사,4
출신,4
통제,4
체조,4
대구,4
코디네이터,4
스페인어,4
경제력,4
부정,4
여군,4
또래,4
배,4
블록,4
편의점,4
자본,4
장사,4
인형,4
거절,4
출판물,4
금속,4
기출,4
군단,4
기획사,4
전기과,4
경주,4
통·번역,4
군무원,4
정부,4
엔터테인먼트,4
만화책,4
순수미술,4
발생,4
욕,4
아쿠아,4
동산,4
결혼,4
흐름,4
포지션,4
지혜,4
아바타,4
국회의원,4
호랑이,4
계절,4
발명,4
법원,4
앨범,4
올림픽,4
주장,4
로맨스,4
틀,4
범죄심리학,4
프랑스,4
미안,4
독후감,4
빵집,4
지속,4
레이싱,4
휴식,4
인문학,4
합격선,4
캠핑,4
전시,4
차량,4
한자,4
진료,4
보완,4
삼촌,4
연재,4
승리,4
서적,4
체,4
국악,4
피부과,4
자동,4
레저,4
경로,4
닉네임,4
부회장,4
백신,4
택시,4
기적,4
사고력,4
평화,4
기차,4
병,4
국방,4
여건,4
차별,4
글로벌,4
인구,4
정책,4
단위,4
중국,4
나머지,4
순서,4
블로그,4
승객,4
물질,4
국립,4
여동생,4
첨단,4
서류,4
위로,4
행정학,4
기타리스트,4
단속,4
미,4
감소,4
임관,4
바이올린,4
부동산,4
심화,4
건축학,4
독해,4
언어치료사,4
재직자,4
파트,4
검정고시,4
네트워크,4
고졸,4
점검,4
재무,4
침착,4
분류,4
탐방,4
동료,4
당구,4
제어,4
입상,4
작사가,4
리그 오브 레전드,4
실행,4
인턴,4
조소,4
양궁,4
부담감,4
구성,4
협력,4
변리사,4
제반,4
문의,4
조경,4
부지런,4
수련,4
교육대학원,4
토목,4
권유,4
대기,4
당장,4
전문학교,4
인연,4
수사관,4
문구,4
자아,4
브이,4
제공,4
국가고시,4
성남,4
그동안,4
팬,4
원인,4
논리력,4
정신력,4
기반,4
스타트업,4
당황,4
회복,4
티,4
무시,4
기말고사,4
두려움,4
내성,4
술,4
조제,4
증,4
신뢰,4
선,4
대비,4
치위생사,4
사회학,4
학종,4
수강,4
대안,4
어필,4
환경공학,4
수의,4
전과,4
간호학,4
대사,3
개학,3
무용가,3
흉부외과,3
구독,3
알리미,3
단어장,3
메모,3
핸드볼,3
도마뱀,3
지,3
후반,3
코디,3
경사,3
캐드,3
마이크,3
혜택,3
다이어트,3
범인,3
손질,3
아버님,3
2,3
지구력,3
구독자,3
계획표,3
달성,3
사교육,3
운동가,3
오해,3
곤충학자,3
수채화,3
파쿠르,3
만남,3
슈팅,3
혹,3
언론인,3
법대,3
원예,3
산림,3
구리,3
토양,3
검도,3
몽골,3
어린이,3
귤,3
마법,3
구글,3
바둑,3
공원,3
시청자,3
명예,3
트로트,3
간식,3
임,3
앵커,3
백분위,3
헬스장,3
태도,3
남성,3
익명,3
줄,3
목사,3
승부욕,3
로켓,3
일요일,3
넷플릭스,3
부품,3
여행지,3
조정,3
연락,3
판검사,3
내과,3
예약,3
카레이서,3
레진,3
견,3
포장,3
펜,3
시청,3
양자,3
글씨,3
미역국,3
설치,3
매장,3
구매,3
법무사,3
색,3
축산,3
도장,3
목재,3
권,3
내향,3
문제점,3
구기,3
생명과학,3
카,3
거제,3
용접,3
근육,3
자책,3
문자,3
안산,3
연료,3
야구부,3
향기,3
십자수,3
의원,3
지하철,3
레시피,3
발명가,3
벌,3
돌,3
캐스팅,3
목,3
복원,3
안과,3
소비자,3
농사,3
작물,3
유럽,3
목공예,3
달,3
저장,3
식당,3
소득,3
스펙,3
국문과,3
구청,3
체육관,3
심장,3
만족도,3
캡처,3
특이,3
골,3
퍼포먼스,3
기장,3
부산,3
시범단,3
눈물,3
응급구조사,3
용인,3
굿즈,3
양,3
서점,3
전력,3
탈출,3
플루,3
언,3
라이브,3
안정감,3
전환,3
한계,3
시합,3
궁금증,3
제과사,3
맞춤법,3
녹음,3
스케줄,3
입,3
농장,3
배달,3
천문대,3
음,3
기력,3
칼림바,3
중등학교,3
교육대,3
소아,3
캐스터,3
동양화,3
베이커리,3
기내,3
실망,3
단원,3
안무,3
서양화,3
개수,3
질환,3
신경과,3
관점,3
택견,3
고고학자,3
유물,3
전기공학,3
학예사,3
페이지,3
치열,3
국공립,3
중고등학교,3
농어촌,3
포기자,3
육군사관학교,3
입대,3
집단,3
권력,3
워킹홀리데이,3
바이러스,3
파충류,3
공인,3
회계학,3
가운데,3
여고,3
마약,3
무리,3
해설가,3
테크놀로지,3
예시,3
숲,3
국내,3
협회,3
멘토,3
머릿속,3
백수,3
하위,3
낯,3
스포츠캐스터,3
정밀,3
마음가짐,3
외상,3
배경,3
후보,3
협동,3
디자인과,3
캠퍼스,3
오타,3
습득,3
비즈니스,3
예의,3
출발,3
본격,3
요양원,3
레슬링,3
위치,3
워라벨,3
사범대학,3
성남시,3
신경외과,3
정의감,3
생태,3
기후,3
소개서,3
단독,3
기복,3
팁,3
간호장교,3
단축,3
추억,3
이,3
이성,3
라디오,3
필라테스,3
아무것,3
군사,3
입력,3
설문지,3
자소서,3
루틴,3
엠비,3
벼락치기,3
전쟁,3
통학,3
일러스트레이션,3
필드,3
심사,3
학회,3
도예,3
사회부,3
역사학,3
자발,3
과학고,3
취약,3
지향,3
비밀,3
운동장,3
학원비,3
영문,3
심판,3
삼성,3
육사,3
왼쪽,3
방사선사,3
정직,3
칵테일,3
목록,3
정년,3
정,3
말하기,3
실,3
바탕,3
민간,3
치안,3
키키키키,3
생기,3
사진가,3
기업가,3
낭만,3
병리,3
생물학과,3
전자공학,3
지자체,3
고3,3
스터디,3
학비,3
상향,3
사회학과,3
배역,2
영화배우,2
무용단,2
레크리에이션,2
검색어,2
살,2
계란,2
뱀,2
바람,2
울산,2
색종이,2
띠,2
인스타그램,2
키즈,2
메인,2
표시,2
인스타,2
추세,2
접목,2
지휘,2
연도,2
술래잡기,2
수련원,2
삭제,2
형제,2
타자,2
상급,2
의뢰,2
언론정보학,2
화면,2
단련,2
물감,2
목적지,2
글짓기,2
모양,2
키트,2
공구,2
건담,2
떡,2
초밥,2
도둑,2
과일,2
딸기,2
소속사,2
치아,2
놀이공원,2
남동생,2
원두,2
쌤,2
민사,2
등록,2
사립고,2
캐나다,2
요약,2
카리스마,2
특기자,2
일제,2
강점기,2
매칭,2
시계,2
시점,2
리뷰,2
웨딩플래너,2
이벤트,2
신학,2
푸들,2
관세사,2
컨시어지,2
종사자,2
총괄,2
장치,2
블록체인,2
국정원,2
이모부,2
스피치,2
상식,2
풍선,2
수학여행,2
연구가,2
그라운드,2
바위,2
물방울,2
멸종,2
퍼즐,2
메시지,2
로블록스,2
일어,2
생명체,2
교회,2
홈스쿨링,2
체격,2
큐브,2
메이저,2
스위스,2
선거,2
헌법,2
주문,2
여행가,2
딥,2
러닝,2
정보학과,2
건물주,2
바닷가,2
시골,2
상징,2
아파트,2
외동,2
갈색,2
볼링,2
중학생,2
금요일,2
기본기,2
원자력,2
부장,2
발,2
기구,2
열성,2
위인전,2
원소,2
제페토,2
기대감,2
센스,2
목도리,2
토스트,2
특허,2
플라스틱,2
판교,2
보드,2
미생물,2
공격수,2
멀티미디어,2
벚꽃,2
시리얼,2
비빔밥,2
실과,2
향후,2
장군,2
평상시,2
객관,2
기관차,2
세계관,2
미술가,2
소원,2
학벌,2
드라이빙,2
드라이버,2
결단력,2
김치찌개,2
민간자격증,2
소양,2
피자,2
차선책,2
창,2
퀴즈,2
성적표,2
가격,2
정답,2
설명회,2
강,2
쓰레기,2
악플,2
에디터,2
위원,2
구강,2
협업,2
행복감,2
유머,2
흐흐흐,2
고든 램지,2
화재,2
애플리케이션,2
개선,2
수중,2
걸그룹,2
소방대원,2
커뮤니케이션,2
소비,2
남극,2
퇴직,2
쇼츠,2
기,2
최종,2
가야금,2
용어,2
회,2
입단,2
옆,2
비용,2
서핑,2
스키,2
편리,2
애플,2
레지던트,2
뼈,2
스티커,2
드림,2
품새,2
온도,2
길거리,2
붕어빵,2
조리법,2
보조,2
난타,2
개업,2
식물원,2
주얼리,2
통영,2
상담실,2
오토바이,2
미각,2
티비,2
총,2
점프,2
토마토,2
농,2
스카우트,2
열차,2
로펌,2
우쿨렐레,2
교원,2
중고등,2
군산,2
협동심,2
금액,2
섬유,2
배틀그라운드,2
피파,2
집착,2
조율,2
조카,2
누명,2
실전,2
작문,2
길고양이,2
법정,2
다정,2
무술,2
교육원,2
그림책,2
공기,2
리더쉽,2
블랙,2
예능인,2
국제고,2
화석,2
키오스크,2
웨어러블,2
좀비,2
연금,2
유전학,2
한,2
한의학,2
한약,2
한약사,2
댁,2
통화,2
강습,2
모형,2
연주자,2
음반,2
급발진,2
항공대,2
수족관,2
아쿠아리움,2
해양대,2
장애인,2
사명감,2
광주,2
모발,2
크루,2
거래,2
자산,2
타투이스트,2
타투,2
캔들,2
비누,2
유튜버를,2
리듬,2
이슈,2
생활비,2
트위치,2
지점,2
기술직,2
각각,2
관여,2
프린터,2
형태,2
분당,2
명품,2
중개인,2
검역,2
보충,2
펫,2
은퇴,2
수기,2
주관,2
드러머,2
습,2
사진학과,2
직장인,2
제일,2
능률,2
빗소리,2
인사과,2
최신,2
기상,2
성장판,2
찌개,2
오랫동안,2
무기,2
교양,2
진입,2
장벽,2
원화,2
안성,2
유머러스,2
외국인,2
라이팅,2
중형,2
대중가요,2
세분,2
사무소,2
국토,2
인증,2
유사,2
교감,2
태권도장,2
최대,2
특유,2
에버랜드,2
이동,2
추천서,2
본과,2
유적,2
추후,2
형성,2
인체,2
부스,2
타악기,2
장구,2
나열,2
종,2
특전사,2
평일,2
연구자,2
마감,2
탐사,2
법학전문대학원,2
열중,2
신고,2
건축과,2
권장,2
회로,2
유퀴즈,2
의논,2
단풍,2
자동화,2
학습법,2
열등감,2
돈가스,2
유튜버요,2
교생,2
주민,2
소문,2
체고,2
선택지,2
정원,2
결석,2
유의,2
소속감,2
업종,2
고장,2
컨트롤,2
요청,2
관,2
범죄자,2
의학과,2
한번,2
조련,2
담,2
통기타,2
손가락,2
선호도,2
화훼,2
재즈,2
휴학,2
실질,2
수사대,2
한글,2
원활,2
동의,2
물음,2
통일,2
좌절,2
빼빼로,2
확장,2
성과,2
에세이,2
미드,2
감자,2
개,2
문해,2
트러블,2
삼수,2
주간,2
관련직,2
싸움,2
간접,2
유기,2
미용실,2
파이선,2
팝송,2
쇼미더머니,2
짱,2
탑,2
취재,2
법의학,2
박자,2
점심시간,2
특전,2
시행,2
곰탕,2
내면,2
맞춤,2
계세,2
정보학,2
국문학,2
기숙,2
면접관,2
실감,2
후자,2
작동,2
공통점,2
발명품,2
공과대학,2
소프트,2
귀요미,2
학창,2
호봉,2
계급,2
인디,2
재주,2
퍼센트,2
배터리,2
세계인,2
치의학,2
아래,2
통증,2
소식,2
향상,2
걸림돌,2
기부,2
키자니아,2
향료,2
의뢰인,2
콘서트,2
공정,2
세금,2
소품,2
도예가,2
증명,2
충전,2
헤어숍,2
레벨,2
행성,2
산악,2
효도,2
오늘날,2
분해,2
조각,2
장례,2
추상,2
서양,2
결말,2
동경,2
어학,2
뇌과학,2
풀이,2
텔레비전,2
사용자,2
아이스,2
개별,2
표준화,2
사이클,2
더빙,2
리포터,2
도안,2
강도,2
ᆢ,2
고고학,2
정서,2
마라탕,2
국제기구,2
웨딩,2
쇼핑,2
범행,2
용의자,2
인력,2
프로젝트,2
불행,2
치유,2
자문,2
교육부,2
오른쪽,2
영화관,2
키키키키키,2
사진전,2
서버,2
히터,2
셰프,2
기악,2
비디오,2
산업기사,2
측면,2
디즈니,2
인강,2
보건소,2
량,2
근거,2
설립,2
이직,2
투고,2
다리,2
분석관,2
모의,2
규모,2
필리핀,2
손해,2
경비,2
딜러,2
솜씨,2
즉흥,2
플랜,2
남녀공학,2
여대,2
투수,2
초,2
방사선,2
마찬가지,2
청년,2
공교육,2
연유,2
복지관,2
조형,2
통솔,2
소극,2
무에타이,2
도입,2
스타,2
음악가,2
지리학과,2
지리학,2
오답,2
개론,2
멘탈,2
유용,2
불안감,2
메일,2
버킷 리스트,2
증권사,2
재직,2
야간,2
운용,2
허용,2
연계,2
미니,2
종교,2
국문,2
검토,2
통상,2
상경,2
위생,2
제자,2
특수교육,2
간호조무사,2
택,2
수행평가,2
참가,2
명상,2
우울증,2
주요,2
혼란,2
한국은행,2
구름,2
소셜,2
교내,2
캠페인,2
통째,2
극지,2
패턴,2
철학과,2
주저,2
기재,2
독서실,2
우리,2
파,2
간판,2
다군,2
해고,2
기한,2
웃음,2
질,2
검찰,2
정돈,2
외교학과,2
사진사,2
회사명,2
기법,2
관제사,2
팜,2
아르헨티나,2
음악과,2
철사,1
빈도,1
연상,1
접점,1
언변,1
치즈,1
후라이,1
개그우먼,1
사냥,1
K-POP,1
독창,1
팔찌,1
치어리더,1
나침반,1
건축업,1
조예,1
성남아트센터,1
네모,1
아저씨,1
기상학,1
절친,1
바보엉아,1
카메라맨,1
교육장,1
아프리카,1
공유,1
온정,1
개똥,1
우산,1
퇴촌,1
감옥,1
추리력,1
미련,1
정육점,1
명령어,1
앵무새,1
실시간,1
쌍둥이,1
부자,1
숨,1
심폐,1
효자,1
강제,1
로비스트,1
평점,1
폭발,1
장수풍뎅이,1
정브르,1
애그,1
동상,1
아크릴,1
원당,1
당산,1
노동자,1
달걀,1
촛불,1
마시멜로,1
사탕,1
무게,1
누리,1
디스플레이,1
키보드,1
기계식,1
분장사,1
수식어,1
반반,1
패드민턴,1
사용법,1
피망,1
암산,1
왕,1
코난,1
파트너,1
갤럭시,1
오산,1
유성,1
색연필,1
부합,1
성분,1
펭귄,1
케어,1
남색,1
뇌리,1
마법사,1
쥐,1
사과,1
동선,1
멘붕,1
색칠,1
말랑,1
몽골어,1
미드필더,1
스피드,1
체스,1
다툼,1
날짜,1
잡,1
덕,1
박은빈,1
테슬라,1
자막,1
증인,1
채택,1
장난꾸러기,1
모범,1
초콜릿,1
인물화,1
다문화,1
반려,1
멀미,1
보고,1
화합물,1
장의사,1
횟수,1
방카,1
이목,1
반크,1
신청자,1
신자,1
예배,1
효심,1
사물놀이,1
버니,1
우주복,1
망원경,1
복,1
옥토끼,1
동아,1
통관,1
테크,1
자판기,1
줍깅,1
크레인,1
이스트,1
호,1
기중기,1
귀차니즘,1
조명,1
돌발,1
외형,1
은행장,1
꼬들파,1
무용수,1
닥터,1
공예품,1
토이,1
코딱지,1
김치,1
파프리카,1
면제,1
속사포,1
조광일,1
초크,1
눈빛,1
쪽지,1
볼,1
금지,1
낙숫물,1
태블릿,1
암호,1
청순,1
모듬,1
중독,1
방사능,1
맞장구,1
슬기,1
엠비티,1
교직과정,1
가,1
치카비,1
전통,1
경마,1
현황,1
마니,1
랜드,1
수하,1
서울특별시,1
물산,1
찜,1
지배인,1
타임,1
복합,1
우승,1
수반,1
행정부,1
대장,1
원수,1
학습지,1
미만,1
각,1
신용,1
암벽,1
도깨비,1
스님,1
복사,1
여럿,1
거제도,1
소드,1
마스터,1
시내,1
검,1
도로시,1
미소,1
서부,1
수비수,1
동화책,1
밤하늘,1
늦가을,1
카스텔라,1
모,1
행동파,1
발전소,1
게시판,1
운영자,1
스테이크,1
스쿼트,1
외면,1
설명서,1
그릇,1
일반인,1
해리포터,1
신앙,1
챌린지,1
코끼리,1
기린,1
봄,1
시선,1
쇼,1
토끼,1
색깔,1
한지,1
금,1
외숙모,1
판,1
김치볶음밥,1
다 빈치 코드,1
젝스님트,1
쿵후,1
북유럽,1
데이,1
리드,1
추신수,1
갑,1
감수,1
장거리,1
단거리,1
공주,1
육회,1
조달,1
아이티,1
하이,1
션,1
천체관측,1
한방,1
승진,1
지장,1
배추,1
농작물,1
학대,1
오스트리아,1
팀플레이,1
복식,1
단식,1
형식,1
정확도,1
튜닝,1
플레이,1
제압,1
테이저,1
스케이트,1
스케이팅,1
와인,1
자수,1
야생,1
직업상담사,1
토대,1
상담자,1
목요일,1
연필,1
포상,1
은상,1
토스,1
하이큐라,1
소외감,1
이하,1
공개경쟁,1
경기장,1
카트,1
미니카,1
클레이,1
구관,1
이기,1
유빈,1
의복,1
레이더,1
큐그,1
항,1
한국사능력검정시험,1
기존,1
투표,1
책임자,1
등반,1
자금,1
리스크,1
결심,1
포스터,1
캠퍼,1
상장,1
인터,1
파틀렉,1
별말씀,1
눈앞,1
유통,1
여객기,1
예절,1
장난감,1
실생활,1
감시,1
양산,1
국립대,1
위클리,1
교육론,1
칼럼,1
인지도,1
해병대,1
잔,1
홈피,1
국경,1
의사회,1
이국종,1
햄스터,1
다이어리,1
짜파게티,1
강력계,1
무덤,1
왕릉,1
첨성대,1
안압지,1
슈가,1
크래프트,1
휴일,1
조,1
출장,1
잔게츠,1
보스,1
박제,1
우럭,1
팔다리,1
예측,1
까불이,1
여행사,1
수배,1
오퍼레이터,1
현지,1
서퍼,1
별명,1
병아리,1
망고,1
멕시코,1
의지력,1
포,1
콩쿠르,1
연주회,1
향신료,1
안마사,1
유튜버나,1
아,1
차기,1
이대훈,1
파이,1
처치,1
성과급,1
플레이스테이션,1
혈관,1
육체,1
분식,1
귀멸의 칼날,1
안마,1
의자,1
몰디브,1
이다영,1
생일,1
이브,1
티켓팅,1
젝,1
꼬리,1
육식,1
숨바꼭질,1
초코파이,1
로블,1
록스,1
포토,1
구경,1
포카,1
펀치,1
티어,1
나사,1
리본,1
메뚜기,1
유재석,1
가빛,1
무,1
텃밭,1
고구마,1
논쟁,1
변론,1
삼국지,1
벗,1
제갈량,1
암기력,1
체제,1
동물학자,1
승무,1
외,1
발전기,1
무한,1
인격,1
모둠,1
줌,1
불,1
대여,1
초록색,1
신분증,1
거북,1
불고기,1
찬성,1
당원,1
덕목,1
말투,1
연주가,1
교장,1
세균,1
기공,1
세포,1
현미경,1
실험실,1
잎,1
쯤,1
배치,1
폴리,1
텍,1
시공사,1
파괴,1
다방면,1
화생방,1
별자리,1
벌레,1
법전,1
잘못,1
귀,1
브롤스타즈,1
마동석,1
별표,1
송무,1
모작,1
동요,1
불의,1
소총,1
슈퍼주니어,1
워터파크,1
아쟁,1
국악인,1
플랫폼,1
인라인,1
극장,1
말싸움,1
화실,1
회장단,1
연설,1
어린아이,1
보강,1
모드,1
인도네시아어,1
표지,1
대호,1
괴물,1
수습,1
절차,1
위인,1
컬러,1
안녕하십니까,1
절,1
체급,1
휴가,1
개성,1
행정법,1
해다미,1
보호자,1
확진,1
기동대,1
밀리터리,1
마스크,1
수경,1
아쿠아플라넷,1
수조,1
수산,1
생화학자,1
법무,1
연령,1
참을성,1
감당,1
재택근무,1
후원,1
도넛,1
제과점,1
전문점,1
갯벌,1
베이시스트,1
머리카락,1
보라색,1
세대,1
실물,1
소이,1
인터스텔라,1
인플루언서,1
해외여행,1
남아메리카,1
지방대,1
어학연수,1
척도,1
특화,1
석유,1
마련,1
채취,1
벽지,1
도배사,1
도배,1
지표,1
디베이트,1
반론,1
뮤지션,1
인간관계,1
맛집,1
투어,1
미캐닉,1
영문판,1
농산물,1
렌즈,1
방역,1
가축,1
정치학자,1
참석,1
점고,1
트레이더,1
대접,1
격려,1
발야구,1
원격,1
생체,1
관리청,1
종합격투기,1
김동현,1
체리,1
에듀,1
낙천,1
교류,1
믹싱,1
피시방,1
틈,1
선정,1
도보,1
조각상,1
종일,1
행실,1
자연과학,1
외지,1
고려대,1
당면,1
족발,1
환영,1
우유부단,1
학점은행제,1
물론,1
일기장,1
한때,1
반찬,1
레이블,1
붐뱁,1
싱잉,1
토픽,1
국적,1
비자,1
공지,1
고층,1
리,1
서평,1
본업,1
인맥,1
생활면,1
개사,1
교통부,1
자제,1
생화학,1
해독,1
농땡이,1
실버,1
필사,1
시험장,1
긴장감,1
희열,1
경시대회,1
윈,1
테마,1
도면,1
상관,1
감회,1
고궁,1
임금,1
서양사,1
국제학부,1
참조,1
편,1
랑,1
누드,1
스트릿 우먼 파이터,1
조소과,1
쇼콜라티,1
움직임,1
3D,1
색감,1
변화무쌍,1
교관,1
평범,1
새벽,1
낮,1
수면,1
잠버릇,1
숙면,1
플라잉,1
코치빌더,1
N잡러,1
신조어,1
난이도,1
단기,1
중증,1
편성,1
구호,1
개그,1
대리,1
신경망,1
당시,1
경찰청장,1
국과수,1
부검,1
진실,1
수비,1
피규어,1
법칙,1
따,1
분교,1
언급,1
예산,1
방어,1
저그,1
테란,1
성벽,1
라떼,1
응답,1
사라,1
알람,1
욕심,1
조상,1
지수,1
인내,1
매진,1
마이스터,1
마이스터고,1
자존심,1
소망,1
박세리,1
최경주,1
박인비,1
체험학습,1
일렉,1
정적,1
경찰박물관,1
대변,1
뉴진스,1
조선,1
상선,1
어선,1
내부,1
영화제,1
히사이시 조,1
특색,1
도,1
잡생각,1
스티브,1
잡스,1
선천,1
만둣국,1
김밥,1
창작과,1
메달,1
공백,1
병리학,1
자치,1
구분,1
스케이트보드,1
고정,1
성품,1
영감,1
삼겹살,1
보름,1
정석,1
소집,1
트라우마,1
라벨,1
워,1
완성도,1
세수,1
독감,1
지형,1
모험,1
잡러,1
예과,1
더하기,1
조선시대,1
배제,1
서빙,1
늦잠,1
기하학,1
법학부,1
중간고사,1
스케치,1
외관,1
콘셉트,1
피고,1
술집,1
몰두,1
득점,1
하키부,1
폐기물,1
자아실현,1
요건,1
학습량,1
감,1
싱잉랩,1
답장,1
돌이,1
베트남,1
쌀국수,1
하노이,1
동남아,1
남편,1
실업,1
입문,1
턱걸이,1
후기,1
트리,1
자살,1
관상,1
시행착오,1
압축,1
식물학자,1
여경,1
꽃집,1
화분,1
고집,1
트랙터,1
경영체,1
후계자,1
망둥이,1
심부름,1
워드,1
텍스트,1
탈자,1
고독사,1
방지,1
재난,1
광고주,1
특공,1
포렌식,1
크리스마스,1
라,1
장착,1
부차,1
결국,1
모니터,1
알레르기,1
영유아,1
캣츠,1
킹키부츠,1
구두,1
플루트,1
새우,1
장학금,1
대한,1
아이패드,1
노원구,1
갈비,1
비틀스,1
마트,1
가성비,1
원단,1
프런트,1
접종,1
형편,1
한옥,1
사찰,1
차출,1
호감,1
아크로바틱,1
제주도,1
군견,1
장수,1
엽기,1
쌀,1
로드,1
웃소,1
담당자,1
박문수,1
암행어사,1
공격,1
커피숍,1
경찰학,1
검색창,1
패스,1
학생회,1
어젯밤,1
표준,1
식,1
야구장,1
완구,1
구도,1
신해,1
앞머리,1
십자,1
교제,1
조퇴,1
응급실,1
특식,1
개교기념일,1
최소한,1
폴,1
감자튀김,1
교재,1
사하구,1
가죽,1
사무관리,1
해부학,1
사망,1
의학자,1
시체,1
권총,1
실적,1
기술부,1
바늘,1
등수,1
스타크래프트,1
예체,1
부수입,1
마취,1
수화,1
수어,1
층,1
안성시,1
퀄리티,1
음원,1
호응,1
취향,1
별일,1
가면,1
작용,1
교수진,1
근력,1
효능,1
메이커,1
아역,1
주방,1
종주,1
정보원,1
실천력,1
열의,1
콘티,1
작화,1
전개,1
활,1
세르히오 라모스,1
천재,1
혁신,1
리액션,1
가상공간,1
구현,1
시식,1
복도,1
국세청,1
고모,1
트레이닝,1
함수,1
하사,1
급수,1
프라모델,1
유유유,1
믿음,1
비관,1
도도,1
꿀,1
자녀,1
손발톱,1
시험공부,1
뇌종양,1
연세,1
척추,1
말초,1
우크라이나,1
일주,1
수료,1
달력,1
타지,1
연서,1
타입,1
시각언어,1
모두,1
코미디언,1
스윙스,1
안보,1
테러,1
탱크,1
에어쇼,1
통찰력,1
창덕궁,1
임베디드,1
소방차,1
패션쇼,1
경진,1
화제,1
국어학자,1
춘천,1
중상,1
행운,1
분수,1
잠재,1
장어,1
지브리,1
악역,1
하울,1
뒷이야기,1
분리,1
협상,1
후각,1
청각,1
산부인과,1
심해,1
에그타르트,1
품질,1
곤란,1
용사,1
플레이어,1
계주,1
랭킹,1
확답,1
비송사건,1
구속,1
판결,1
소나무,1
월,1
테이블,1
분량,1
목숨,1
샌드위치,1
땅콩,1
크림,1
평온,1
중원구,1
카투사,1
교도관,1
벽,1
동방신기,1
음정,1
콜라,1
타로,1
놀이터,1
산악인,1
인권,1
별도,1
포괄,1
츄리닝,1
네오,1
중재,1
법안,1
위원회,1
사례,1
철,1
캐디,1
사료,1
티피,1
자취,1
퍼블리셔,1
결승,1
가슴,1
출석,1
컵,1
메이,1
스파,1
링,1
애매,1
체육학,1
지원자,1
무명,1
허구,1
다독,1
고입,1
고령,1
우주과학,1
기원,1
성교육,1
여우,1
유니버설,1
제외,1
안도,1
다다오,1
건축공학,1
필드하키,1
중시,1
무한도전,1
빨래,1
수동,1
미생물학,1
구,1
본명,1
메타,1
킥복싱,1
궁금,1
피지컬,1
어휘,1
이해력,1
고등부,1
학부모,1
성취도,1
체르니,1
붕어,1
어항,1
술안주,1
목조,1
인싸,1
외출,1
스도쿠,1
굿네이버스,1
쇄골,1
골절,1
깁스,1
연극치료,1
레스토랑,1
건설사,1
정물화,1
헌혈,1
모낭,1
근로자,1
해부,1
세뱃돈,1
소감,1
방탄,1
아미,1
라임,1
카페인,1
라테,1
바닐라,1
말수,1
꽃병,1
입구,1
리트머스,1
생태학자,1
마카롱,1
시훈,1
태양,1
후예,1
호스트,1
한편,1
하드웨어,1
피팅,1
퍼스널,1
말썽꾸러기,1
영수,1
강남,1
서초,1
돌봄,1
허리,1
헤드헌터,1
발로,1
화물,1
운전기사,1
트럭,1
식품학,1
검안,1
악보,1
제주대학교,1
마블,1
우두머리,1
소스,1
포토그래퍼,1
성격심리학,1
동양,1
클라이언트,1
화합,1
사춘기,1
몸살,1
기운,1
교직이수,1
정보망,1
잡지사,1
관람,1
민첩성,1
경제성장,1
한예종,1
헌트,1
수립,1
엔,1
시티,1
포르투갈,1
프론트,1
마,1
이닝,1
계량,1
학구,1
멍,1
군사학,1
저널리스트,1
백,1
김윤후,1
에어로빅,1
잠수,1
대형,1
카이스트,1
블루,1
르,1
꼬르동,1
발레리,1
노,1
예대,1
동작,1
직관력,1
오페라의 유령,1
레베카,1
유저,1
액션물,1
예원,1
조화,1
호불호,1
덕질,1
아파치,1
고전,1
파이썬,1
넥슨,1
대졸,1
동호회,1
혜화,1
표준어,1
동일,1
알빠,1
노가다,1
연세대,1
수첩,1
경쟁자,1
교통정리,1
수령액,1
직위,1
공모,1
서술,1
주관식,1
침해,1
편견,1
주근깨,1
빛,1
우정,1
소인수분해,1
좌표,1
평면,1
운전사,1
파마,1
섭외,1
하교,1
사색,1
사천,1
비속어,1
범고래,1
독특,1
수전,1
탐구심,1
지락실,1
금쪽,1
지휘관,1
외부,1
제목,1
러브,1
베그,1
동탄,1
토요일,1
동아방송,1
어부,1
도로,1
당근,1
빠따,1
임사,1
택배,1
약물,1
한국철도공사,1
미학,1
취급,1
어원,1
오타쿠,1
한국말,1
심취,1
산청,1
지리산,1
타협,1
힐링,1
미스테리,1
전화번호,1
검거,1
명심,1
핵,1
장학,1
5,1
공립,1
이득,1
단편,1
기호,1
가계,1
인터페이스,1
피해,1
해피,1
토크,1
캠프,1
치킨커틀릿,1
마사지,1
외환,1
착륙,1
항로,1
쭈꾸미,1
볶음,1
속도감,1
리라아트고,1
무도,1
브라질,1
루수,1
사연,1
여자친구,1
제의,1
프로필,1
구축,1
움,1
휴대,1
전화기,1
탈,1
겁,1
뿌링클,1
방청,1
외로움,1
타이어,1
병과,1
모션,1
메이저리그,1
메이저리거,1
화성,1
구급대원,1
구급,1
대원,1
컨텐츠,1
킨볼,1
논란,1
자사고,1
노트북,1
판화,1
톡,1
중3,1
코스모스,1
청소년기,1
위례,1
만두,1
의왕,1
외사경찰,1
나태,1
욕구,1
에너지원,1
자형,1
먼저,1
석차,1
부업,1
미시,1
전환점,1
우표,1
카지노,1
발로란트,1
개요,1
시즌,1
국수,1
근무자,1
연탄,1
단과,1
스카이,1
라섹,1
비행시간,1
스노우,1
간,1
정착,1
퍼레이드,1
질서,1
출연,1
연극배우,1
지도학,1
구절,1
네이버 블로그,1
정보과,1
그중,1
바이크,1
축산물,1
디자인고등학교,1
대학교수,1
정식,1
만점,1
물라,1
쑨양,1
베이징,1
스타트,1
화장실,1
리종위,1
좋았아요,1
당연,1
대세,1
민지,1
인텔,1
라이젠,1
하나,1
영하,1
프사,1
심정,1
적응력,1
오징어,1
말뚝,1
하음이,1
하음,1
플룻,1
치기,1
손해사정사,1
토의,1
캐스트,1
병장,1
모델러,1
모델링,1
검은색,1
마음속,1
충족감,1
담임선생,1
견학,1
두피,1
압구정역,1
축하,1
업그레이드,1
국제학교,1
머신,1
반죽,1
대상자,1
웨어,1
시급,1
어문학,1
아시아,1
안내원,1
인솔자,1
어,1
직업학교,1
학교생활기록부,1
비평가,1
비평,1
평론,1
동시통역,1
네이티브,1
후보생,1
정비공,1
증거,1
처우,1
코트라,1
생명정보,1
노무사,1
호주,1
워홀,1
업로드,1
외근,1
초점,1
운송,1
홍보지,1
방사선학,1
태움,1
서울대,1
영통,1
세종시,1
산업체,1
서비스업,1
첼로,1
수지구,1
완화,1
구입,1
지질학,1
바이오산업,1
고대,1
돋보기,1
디스크,1
경과,1
다자녀,1
사정관,1
일상생활,1
감리,1
실업팀,1
변환,1
초봉,1
남녀,1
성비,1
견문,1
컨셉,1
근현대사,1
다국적,1
감사원,1
지상,1
전문대학,1
전공자,1
전담,1
여부,1
드로잉,1
진급,1
슬럼프,1
심리치료,1
네임밸,1
네임,1
베터리,1
물류,1
감정평가사,1
측량,1
허락,1
기능장,1
주거,1
한국전력공사,1
배수,1
사탐,1
입원,1
완치,1
합기도,1
그래프,1
도선사,1
문화원,1
관제탑,1
절도,1
감명,1
잔다르크,1
아웃,1
징계,1
선도,1
논의,1
보쌈,1
낭랑 18세,1
독도,1
국방부,1
애국자,1
테이크아웃,1
걱정거리,1
존,1
선착순,1
전향,1
요인,1
심호흡,1
스튜어드,1
관광학,1
스피킹,1
수다,1
국선,1
외삼촌,1
항해,1
인턴쉽,1
죽,1
공연장,1
경쟁력,1
숙모,1
소명,1
제시,1
딜레마,1
배틀,1
오버,1
워치,1
복학,1
항공우주공학,1
팔굽혀펴기,1
보디빌더,1
저격수,1
참사,1
힌트,1
화이팅,1
더블,1
경비원,1
도시행정,1
능력자,1
중립,1
소자,1
배지,1
온난,1
마인드,1
일반외과,1
자습,1
나노,1
최적,1
콩,1
공인중개사,1
중개사,1
자영업,1
장면,1
인출,1
제작진,1
휴직,1
할인,1
수령,1
고데기,1
계약직,1
지질,1
극지연구소,1
데스크,1
화생,1
속독,1
맥그리거,1
열심,1
계세요,1
강요,1
의문,1
계단,1
치의예과,1
윈터,1
회피,1
추진력,1
독백,1
강조,1
군기,1
공약,1
패브릭,1
덤벙,1
선출,1
모터스포츠,1
슈퍼카,1
애정,1
희준,1
소신,1
**님,1
딸,1
수사과,1
경찰청,1
압박,1
절제,1
바람개비,1
폐지,1
세트,1
화폐,1
퍼포머,1
상자,1
직관,1
컴,1
고래,1
사상,1
소외,1
애기,1
줄기,1
전송,1
후식,1
올,1
화법,1
출납,1
창구,1
점포,1
방황,1
진학사,1
합,1
부유,1
원장,1
짱구,1
나군,1
학술,1
원주,1
실버타운,1
충동,1
자부심,1
방송학과,1
감자탕,1
위트,1
혁명가,1
난시,1
우진,1
경영인,1
이익,1
일본인,1
엔터,1
발음,1
정유사,1
정유,1
조기,1
실속,1
경마장,1
새끼,1
구피,1
금붕어,1
생태학,1
스트레칭,1
병사,1
저작,1
설악산,1
월출산,1
배낭여행,1
항공정비사,1
아쉬움,1
이용자,1
영문학,1
생계유지,1
신문방송학,1
마크,1
윗,1
값,1
추출,1
혈압,1
병동,1
중어,1
중문학,1
장학사,1
군의관,1
낯섦,1
부끄러움,1
수줍음,1
출판업,1
핀테크,1
외국어대,1
젓가락,1
스타일링,1
유발,1
천왕봉,1
조합,1
라인,1
기독교,1
종교학,1
스튜디오,1
보정,1
엑셀,1
코엑스,1
로또,1
피해자,1
감상문,1
글감,1
백일장,1
수달,1
바닷속,1
물개,1
수심,1
천안,1
하,1
낙타,1
고통,1
종로,1
요플레,1
최소,1
가천대학교,1
넵넵,1
그린피스,1
일회용품,1
언제쯤,1
허가,1
월드비전,1
인지심리학,1
피피티,1
채색,1
건,1
제조사,1
낯가림,1
공단,1
접촉,1
발령,1
공안,1
수험,1
상승,1
의과대학,1
양자역학,1
가이,1
아이유,1
소아청소년과,1
퇴장,1
영상물,1
능동,1
계열사,1
해양학,1
수생,1
퇴근,1
외교부,1
박,1
관직,1
키키키키키키,1
거점,1
연구실,1
논산,1
도자,1
보이스,1
첼시,1
유전체,1
숫자,1
언론사,1
협동조합,1
산업공학,1
분자,1
영작,1
장기간,1
결과물,1
하향,1
덕분,1
노동력,1
원자력공학,1
방첩,1
탑승,1
비상,1
사무장,1
어류,1
소금,1
파충,1
경제연구원,1
노동,1
대가,1
통섭,1
본국,1
자국민,1
농기계,1
중재자,1
해양생물학,1
가산점,1
사립대,1
공헌,1
탐지견,1
탐지,1
핸들러,1
세관,1
은,1
다은이,1
검정,1
번아웃,1
관제,1
조종실,1
스타벅스,1
까페,1
만능,1
펜싱,1
비난,1
발상,1
화약,1
지무비,1
삽화,1
지연,1
프로덕션,1
엔진,1
꼬막,1
이천,1
카피라이터,1
화두,1
수소,1
거대,1
소용,1
맥락,1
깊이,1
관현악,1
신입,1
청음,1
다운로드,1
지난해,1
